timestamp,x,y
1741818559016,658,475
1741818559202,604,508
1741818559381,506,516
1741818559555,153,329
1741818559730,169,346
1741818559902,-167,197
1741818560079,188,309
1741818560257,365,468
1741818560432,71,370
1741818560608,349,324
1741818560781,224,280
1741818560959,762,433
1741818561133,219,347
1741818561306,336,289
1741818561480,495,363
1741818561660,368,318
1741818561838,90,310
1741818562014,88,409
1741818562189,112,414
1741818562367,429,438
1741818562539,674,379
1741818562713,424,363
1741818562888,686,361
1741818563061,1089,362
1741818563231,907,363
1741818563403,927,382
1741818563572,933,380
1741818563745,837,353
1741818563921,924,340
1741818564095,1021,192
1741818564270,1059,121
1741818564443,1011,129
1741818564615,1039,72
1741818564793,519,260
1741818564967,1027,164
1741818565141,977,245
1741818565320,980,111
1741818565497,1051,124
1741818565669,1105,27
1741818565841,1091,45
1741818566011,1034,52
1741818566185,1059,60
1741818566360,896,161
1741818566535,448,675
1741818566709,626,541
1741818566886,833,352
1741818567058,601,269
1741818567231,635,124
1741818567403,680,54
1741818567571,668,61
1741818567745,698,108
1741818567920,662,77
1741818568093,664,84
1741818568269,713,111
1741818568444,797,90
1741818568619,783,97
1741818568792,712,78
1741818568964,746,92
1741818569133,675,39
1741818569308,610,407
1741818569479,669,89
1741818569652,652,69
1741818569829,734,57
1741818570007,601,109
1741818570179,501,68
1741818570353,462,180
1741818570528,546,130
1741818570707,560,211
1741818570888,529,28
1741818571065,438,80
1741818571241,483,71
1741818571415,590,93
1741818571583,481,15
1741818571756,507,52
1741818571928,492,56
1741818572100,447,68
1741818572273,437,63
1741818572448,454,72
1741818572620,465,88
1741818572794,474,91
1741818572966,481,119
1741818573136,504,106
1741818573305,498,259
1741818573478,536,281
1741818573652,460,137
1741818573820,527,232
1741818573993,537,253
1741818574167,475,164
1741818574342,424,114
1741818574513,405,169
1741818574687,475,227
1741818574858,300,47
1741818575032,212,65
1741818575203,228,53
1741818575373,206,-24
1741818575544,243,20
1741818575716,230,24
1741818575884,283,17
1741818576058,255,-5
1741818576232,329,111
1741818576401,450,139
1741818576583,402,153
1741818576762,321,102
1741818576935,110,107
1741818577109,73,55
1741818577282,243,93
1741818577459,347,30
1741818577637,235,70
1741818577811,333,99
1741818577986,186,122
1741818578160,209,153
1741818578334,160,68
1741818578511,483,140
1741818578686,794,208
1741818578864,403,322
1741818579037,28,381
1741818579212,162,377
1741818579388,233,393
1741818579564,302,378
1741818579806,209,305
1741818580003,168,373
1741818580175,169,414
1741818580351,102,429
1741818580527,158,377
1741818580703,240,499
1741818580879,708,509
1741818581054,619,570
1741818581227,602,603
1741818581399,571,561
1741818581569,647,594
1741818581738,578,559
1741818581911,580,548
1741818582086,557,573
1741818582259,234,483
1741818582434,539,471
1741818582607,673,587
1741818582779,594,563
1741818582948,727,609
1741818583124,844,602
1741818583296,691,582
1741818583465,665,559
1741818583638,591,473
1741818583812,491,365
1741818583981,648,520
1741818584152,674,567
1741818584323,994,8
1741818584495,691,382
1741818584668,881,336
1741818584838,741,550
1741818585013,682,524
1741818585184,442,-116
1741818585359,781,575
1741818585531,770,515
1741818585703,771,552
1741818585874,882,369
1741818586046,922,261
1741818586218,764,392
1741818586393,786,417
1741818586565,814,464
1741818586739,774,484
1741818586914,1046,371
1741818587088,1026,378
1741818587265,363,-107
1741818587440,830,460
1741818587617,826,391
1741818587794,655,318
1741818587969,617,470
1741818588144,548,454
1741818588320,871,483
1741818588496,826,496
1741818588671,515,507
1741818588847,661,431
1741818589024,278,363
1741818589198,431,435
1741818589373,248,441
1741818589545,42,297
1741818589718,33,323
1741818589893,114,404
1741818590069,-13,344
1741818590241,-53,319
1741818590420,288,207
1741818590594,212,114
1741818590770,294,260
1741818590945,245,234
1741818591117,215,190
1741818591292,224,209
1741818591470,303,289
1741818591641,223,257
1741818591815,480,161
1741818591986,512,170
1741818592160,388,206
1741818592334,547,332
1741818592506,559,387
1741818592683,641,424
1741818592860,496,298
1741818593035,531,294
1741818593207,584,284
1741818593378,600,255
1741818593555,671,307
1741818593731,700,218
1741818593906,641,243
1741818594081,658,229
1741818594250,685,225
1741818594425,691,275
1741818594599,711,283
1741818594773,625,307
1741818594945,547,302
1741818595119,604,301
1741818595296,646,318
1741818595468,636,286
1741818595648,732,279
1741818595823,628,286
1741818595999,647,250
1741818596178,565,247
1741818596351,572,334
1741818596526,548,236
1741818596702,491,120
1741818596870,647,257
1741818597046,423,161
1741818597221,663,342
1741818597389,605,321
1741818597564,496,155
1741818597741,536,270
1741818597915,585,283
1741818598084,448,216
1741818598260,512,259
1741818598435,484,174
1741818598612,400,464
1741818598786,392,385
1741818598960,136,73
1741818599143,217,64
1741818599314,277,61
1741818599482,934,152
1741818599658,839,109
1741818599832,935,107
1741818600009,930,176
1741818600189,1012,94
1741818600361,666,64
1741818600541,607,39
1741818600717,612,21
1741818600889,889,77
1741818601071,784,47
1741818601250,744,-2
1741818601428,552,60
1741818601605,369,102
1741818601784,583,99
1741818601962,481,160
1741818602142,241,255
1741818602317,247,84
1741818602492,245,85
1741818602667,684,141
1741818602844,620,206
1741818616270,1123,171
1741818616461,1027,158
1741818616646,513,244
1741818616829,420,246
1741818617013,281,221
1741818617202,444,276
1741818617379,457,239
1741818617555,494,229
1741818617732,494,306
1741818617909,931,221
1741818618092,1089,201
1741818618280,1097,125
1741818618457,1125,92
1741818618629,1024,57
1741818618802,1048,91
1741818618978,1014,58
1741818619153,1030,46
1741818619328,1127,110
1741818619500,1111,137
1741818619673,1083,58
1741818619841,1109,83
1741818620015,1134,88
1741818620187,1121,93
1741818620360,1113,81
1741818620533,1055,55
1741818620701,1055,59
1741818620872,1118,78
1741818621043,1165,130
1741818621212,1081,69
1741818621382,1130,98
1741818621555,1101,75
1741818621728,951,96
1741818621904,881,148
1741818622081,908,118
1741818622255,910,129
1741818622431,689,185
1741818622606,721,199
1741818622781,649,205
1741818622952,503,183
1741818623126,516,191
1741818623300,600,192
1741818623471,633,206
1741818623644,586,212
1741818623814,1026,115
1741818623985,909,132
1741818624157,702,185
1741818624328,689,170
1741818624502,733,111
1741818624680,614,138
1741818624858,567,130
1741818625030,660,159
1741818625208,601,167
1741818625392,540,115
1741818625574,624,173
1741818625753,562,131
1741818625928,614,146
1741818626101,685,223
1741818626295,662,194
1741818626651,1059,136
1741818626832,1110,208
1741818627015,1047,152
1741818627188,701,145
1741818627361,680,104
1741818627548,656,165
1741818627723,264,224
1741818627899,307,302
1741818628072,547,391
1741818628260,536,360
1741818628466,459,317
1741818628643,447,288
1741818628829,491,287
1741818629008,390,279
1741818629189,417,286
1741818629363,-91,221
1741818629535,54,253
1741818629710,260,333
1741818629884,302,321
1741818630062,10,366
1741818630249,-26,370
1741818630444,57,386
1741818630628,-56,304
1741818630803,236,462
1741818630976,79,431
1741818631150,135,430
1741818631331,238,523
1741818631501,164,464
1741818631684,344,262
1741818631868,709,379
1741818632051,645,299
1741818632228,630,353
1741818632417,537,383
1741818632594,34,436
1741818632767,-46,369
1741818632947,-13,385
1741818633123,-4,461
1741818633303,-130,465
1741818633479,-83,454
1741818633656,-124,445
1741818633837,-108,419
1741818634020,322,220
1741818634194,920,270
1741818634369,1034,248
1741818634548,886,198
1741818634720,744,224
1741818634901,794,298
1741818635073,717,257
1741818635259,749,287
1741818635433,819,282
1741818635612,897,243
1741818635789,760,213
1741818635966,922,269
1741818636139,820,220
1741818636316,952,198
1741818636496,866,236
1741818636670,825,153
1741818636843,982,287
1741818637023,888,251
1741818637200,845,255
1741818637374,909,275
1741818637546,808,229
1741818637721,857,251
1741818637895,850,224
1741818638071,853,242
1741818638269,916,242
1741818638442,856,236
1741818638621,736,178
1741818638800,888,242
1741818638973,839,223
1741818639152,788,212
1741818639330,846,289
1741818639505,780,213
1741818639681,752,168
1741818639866,944,322
1741818640044,870,232
1741818640214,902,206
1741818640389,935,224
1741818640571,898,204
1741818640750,936,244
1741818640922,972,272
1741818641096,922,271
1741818641265,748,220
1741818641444,642,139
1741818641640,319,187
1741818641820,322,216
1741818642020,306,231
1741818642206,393,232
1741818642383,717,166
1741818642566,870,280
1741818642743,793,208
1741818642922,819,178
1741818643098,904,269
1741818643271,973,322
1741818643447,856,136
1741818643624,760,167
1741818643803,773,144
1741818643977,697,116
1741818644154,652,106
1741818644337,784,208
1741818644515,861,260
1741818644693,732,226
1741818644864,658,157
1741818645039,665,179
1741818645217,650,173
1741818645389,689,208
1741818645563,774,245
1741818645738,743,217
1741818645912,748,240
1741818646084,654,148
1741818646257,731,195
1741818646431,662,119
1741818646604,666,107
1741818646779,695,142
1741818646954,624,91
1741818647131,671,111
1741818647304,721,178
1741818647477,646,145
1741818647657,646,86
1741818647838,701,173
1741818648012,700,159
1741818648186,599,141
1741818648359,608,246
1741818648531,484,190
1741818648702,487,227
1741818648874,571,256
1741818649045,866,149
1741818649217,742,72
1741818649390,1021,201
1741818649564,965,189
1741818649750,992,202
1741818649922,979,192
1741818650096,982,236
1741818650274,881,185
1741818650461,909,206
1741818650646,864,222
1741818650831,836,198
1741818651018,858,162
1741818651206,639,161
1741818651423,588,202
1741818651699,602,185
1741818651961,700,191
1741818652213,952,235
1741818652453,926,241
1741818652713,839,222
1741818652997,993,317
1741818653262,1005,268
1741818653510,962,267
1741818653752,973,255
1741818654029,896,331
1741818654332,820,163
1741818654561,545,151
1741818654823,987,299
1741818655028,1011,319
1741818655338,764,229
1741818655572,763,196
1741818655782,999,214
1741818655987,862,307
1741818656187,922,274
1741818656385,817,257
1741818656572,819,225
1741818656758,913,307
1741818656948,639,134
1741818657130,663,135
1741818657320,669,180
1741818657503,769,260
1741818657693,844,248
1741818657883,786,235
1741818658070,813,298
1741818658256,863,220
1741818658445,826,192
1741818658634,801,191
1741818658819,723,195
1741818659017,755,174
1741818659210,772,188
1741818659403,856,234
1741818659594,830,176
1741818659797,824,194
1741818659994,926,322
1741818660190,831,204
1741818660386,883,209
1741818660574,858,197
1741818660768,916,241
1741818660957,812,190
1741818661147,928,252
1741818661333,973,116
1741818661517,1115,160
1741818661702,832,205
1741818661886,914,267
1741818662072,751,167
1741818662255,853,218
1741818662438,837,250
1741818662620,404,158
1741818662804,337,170
1741818662987,332,194
1741818663177,435,209
1741818663364,379,222
1741818663553,335,183
1741818663779,288,148
1741818663989,926,258
1741818664178,891,238
1741818664367,905,282
1741818664555,887,250
1741818664744,936,273
1741818664931,829,264
1741818665116,625,273
1741818665300,448,187
1741818665481,363,225
1741818665669,478,264
1741818665854,564,140
1741818666038,702,190
1741818666220,855,111
1741818666404,808,157
1741818666586,757,150
1741818666767,824,150
1741818666949,753,116
1741818667146,859,120
1741818667328,827,88
1741818667500,936,127
1741818667684,691,108
1741818667858,706,124
1741818668030,567,186
1741818668208,517,205
1741818668384,598,162
1741818668563,593,166
1741818668740,786,210
1741818668914,790,208
1741818669086,784,146
1741818669291,798,201
1741818669480,724,115
1741818669656,863,217
1741818669830,819,226
1741818670006,885,321
1741818670186,755,196
1741818670360,833,260
1741818670534,778,225
1741818670708,793,210
1741818670881,838,259
1741818671050,852,213
1741818671243,914,257
1741818671415,930,258
1741818671595,905,211
1741818671772,899,200
1741818671945,922,201
1741818672114,920,237
1741818672288,983,305
1741818672484,844,197
1741818672660,820,266
1741818672836,771,89
1741818673003,639,88
1741818673178,679,88
1741818673360,541,78
1741818673544,467,21
1741818673723,462,118
1741818673900,443,95
1741818674070,934,59
1741818674242,966,41
1741818674414,989,-2
1741818674585,818,38
1741818674754,508,100
1741818674925,389,11
1741818675094,324,106
1741818675266,294,104
1741818675440,347,132
1741818675620,354,132
1741818675814,336,127
1741818676008,296,106
1741818676204,335,152
1741818676421,497,171
1741818676646,799,146
1741818676829,526,106
1741818677016,732,85
1741818677198,706,120
1741818677374,852,181
1741818677556,609,93
1741818677736,784,103
1741818677917,783,99
1741818678092,667,147
1741818678267,690,117
1741818678446,563,208
1741818678617,624,332
1741818678789,632,355
1741818678960,717,386
1741818679131,624,267
1741818679307,633,236
1741818679477,621,240
1741818679648,623,324
1741818679824,518,312
1741818679994,535,347
1741818680165,547,371
1741818680335,681,475
1741818680507,681,466
1741818680682,650,454
1741818680854,641,408
1741818681025,717,448
1741818681197,730,465
1741818681370,678,416
1741818681540,663,401
1741818681712,748,433
1741818681884,708,443
1741818682054,728,429
1741818682227,702,427
1741818682400,682,434
1741818682570,719,446
1741818682741,730,472
1741818682912,655,228
1741818683087,892,224
1741818683267,889,246
1741818683443,906,280
1741818683616,864,170
1741818683792,770,112
1741818683968,866,265
1741818684149,880,291
1741818684319,656,232
1741818684492,574,210
1741818684662,634,217
1741818684844,613,265
1741818685017,565,313
1741818685187,523,310
1741818685358,875,153
1741818685530,738,157
1741818685705,757,189
1741818685880,676,210
1741818686059,611,115
1741818686236,751,144
1741818686417,883,327
1741818686590,836,229
1741818686766,883,315
1741818686938,913,309
1741818687113,913,310
1741818687286,893,263
1741818687465,890,297
1741818687644,919,320
1741818687821,876,262
1741818687995,819,284
1741818688167,879,298
1741818688351,865,283
1741818688529,824,308
1741818688707,807,254
1741818688879,834,318
1741818689053,799,228
1741818689228,768,198
1741818689399,788,240
1741818689574,797,280
1741818689760,825,281
1741818689949,833,307
1741818690140,861,301
1741818690330,830,245
1741818690519,777,267
1741818690709,815,283
1741818690902,792,279
1741818691108,770,260
1741818691316,853,296
1741818691528,739,142
1741818691704,888,217
1741818691884,814,253
1741818692062,935,373
1741818692236,878,219
1741818692414,941,221
1741818692588,902,224
1741818692763,878,127
1741818692936,974,169
1741818693117,955,201
1741818693293,898,139
1741818693469,1011,220
1741818693647,715,168
1741818693818,744,192
1741818693990,988,255
1741818694165,942,212
1741818694341,919,199
1741818694522,959,238
1741818694699,895,242
1741818694875,775,231
1741818695051,848,355
1741818695227,966,315
1741818695401,982,229
1741818695577,963,257
1741818695753,936,277
1741818695927,936,339
1741818696100,862,280
1741818696271,915,341
1741818696443,666,105
1741818696617,635,182
1741818696787,727,148
1741818696957,806,192
1741818697127,753,170
1741818697299,593,270
1741818697469,641,250
1741818697640,690,178
1741818697812,681,123
1741818697982,762,155
1741818698152,625,262
1741818698325,603,210
1741818698501,652,250
1741818698676,744,134
1741818698848,716,159
1741818699022,660,261
1741818699194,601,238
1741818699368,615,235
1741818699540,592,261
1741818699717,769,170
1741818699893,781,162
1741818700141,680,108
1741818700311,768,205
1741818700482,794,208
1741818700652,775,170
1741818700827,786,190
1741818701001,793,198
1741818701170,826,275
1741818701340,801,239
1741818701512,833,226
1741818701681,658,163
1741818701857,692,186
1741818702035,737,106
1741818702212,782,195
1741818702386,648,50
1741818702559,778,220
1741818702732,868,234
1741818702906,829,161
1741818703085,825,172
1741818703259,917,158
1741818703433,773,121
1741818703611,711,95
1741818703787,631,58
1741818703962,706,128
1741818704136,705,169
1741818704312,783,162
1741818704485,647,31
1741818704661,861,119
1741818704835,910,194
1741818705010,849,161
1741818705186,993,187
1741818705369,943,207
1741818705544,782,206
1741818705726,726,242
1741818705900,798,222
1741818706071,771,179
1741818706247,906,181
1741818706424,884,168
1741818706600,865,184
1741818706773,887,176
1741818706949,761,204
1741818707128,773,225
1741818707305,746,224
1741818707478,761,199
1741818707654,877,222
1741818707835,775,258
1741818708009,719,215
1741818708185,732,225
1741818708355,755,236
1741818708535,790,209
1741818708711,901,272
1741818708890,901,254
1741818709061,732,245
1741818709235,843,284
1741818709412,870,243
1741818709584,856,201
1741818709761,956,297
1741818709936,863,222
1741818710113,867,227
1741818710287,895,255
1741818710465,784,225
1741818710637,768,218
1741818710808,695,225
1741818710988,793,236
1741818711165,818,187
1741818711341,701,173
1741818711516,880,175
1741818711689,829,177
1741818711868,771,153
1741818712045,731,202
1741818712219,783,221
1741818712398,758,178
1741818712575,867,157
1741818712753,850,161
1741818712929,715,223
1741818713104,731,227
1741818713279,860,243
1741818713453,938,272
1741818713636,868,222
1741818713815,845,252
1741818713988,759,271
1741818714165,746,255
1741818714336,723,230
1741818714508,901,235
1741818714685,768,238
1741818714865,747,208
1741818715040,826,246
1741818715215,866,234
1741818715388,810,252
1741818715560,793,257
1741818715731,778,255
1741818715907,784,202
1741818716082,864,204
1741818716259,855,208
1741818716434,878,174
1741818716613,901,135
1741818716792,885,117
1741818716967,928,135
1741818717138,909,92
1741818717316,872,154
1741818717489,780,226
1741818717661,798,221
1741818717834,870,251
1741818718008,872,252
1741818718188,910,214
1741818718364,786,245
1741818718543,712,227
1741818718721,677,168
1741818718892,761,226
1741818719070,773,250
1741818719247,778,209
1741818719421,811,195
1741818719600,867,183
1741818719781,908,184
1741818719954,884,140
1741818720126,884,152
1741818720298,862,87
1741818720472,910,151
1741818720646,908,153
1741818720823,954,245
1741818720993,889,255
1741818721166,901,243
1741818721343,900,229
1741818721516,909,217
1741818721692,851,141
1741818721874,912,269
1741818722046,901,234
1741818722225,907,223
1741818722399,913,220
1741818722574,918,186
1741818722753,908,132
1741818722926,931,214
1741818723099,899,176
1741818723275,851,166
1741818723450,915,229
1741818723627,843,200
1741818723802,726,200
1741818723977,734,226
1741818724154,836,176
1741818724330,864,219
1741818724505,894,187
1741818724680,906,167
1741818724851,815,80
1741818725021,890,111
1741818725200,860,94
1741818725373,900,123
1741818725550,896,218
1741818725724,891,178
1741818725900,825,132
1741818726075,694,161
1741818726253,777,180
1741818726429,751,177
1741818726605,655,97
1741818726779,910,212
1741818726952,840,138
1741818727128,1023,289
1741818727299,838,245
1741818727475,879,210
1741818727650,940,216
1741818727824,947,163
1741818727995,999,192
1741818728167,691,116
1741818728341,789,235
1741818728511,787,229
1741818728692,740,250
1741818728871,754,183
1741818729043,887,195
1741818729220,837,160
1741818729396,904,110
1741818729573,910,163
1741818729757,925,125
1741818729938,680,81
1741818730110,922,164
1741818730285,942,157
1741818730458,899,156
1741818730634,917,121
1741818730808,928,163
1741818730982,793,162
1741818731151,903,148
1741818731327,897,145
1741818731502,825,118
1741818731679,940,133
1741818731852,860,155
1741818732026,879,162
1741818732203,837,159
1741818732377,878,150
1741818732548,830,157
1741818732720,934,226
1741818732890,872,162
1741818733067,920,201
1741818733244,903,164
1741818733417,789,167
1741818733591,756,176
1741818733765,836,195
1741818733939,892,135
1741818734111,900,162
1741818734285,873,126
1741818734456,869,128
1741818734631,778,171
1741818734804,753,154
1741818734978,789,181
1741818735154,795,136
1741818735332,882,161
1741818735509,792,113
1741818735686,829,118
1741818735860,827,146
1741818736034,878,156
1741818736206,820,113
1741818736383,696,126
1741818736558,791,112
1741818736731,837,110
1741818736908,783,163
1741818737081,818,195
1741818737256,818,192
1741818737433,777,155
1741818737609,784,169
1741818737787,683,104
1741818737961,772,111
1741818738135,666,17
1741818738307,594,16
1741818738480,694,102
1741818738649,818,164
1741818738820,719,141
1741818738991,626,-14
1741818739162,605,-8
1741818739334,678,177
1741818739506,515,181
1741818739678,641,258
1741818739852,830,178
1741818740021,801,232
1741818740192,714,234
1741818740366,635,170
1741818740535,820,252
1741818740705,558,200
1741818740877,932,333
1741818741052,936,302
1741818741222,742,281
1741818741398,724,217
1741818741568,809,256
1741818741742,777,177
1741818741921,773,139
1741818742095,874,152
1741818742274,800,218
1741818742447,697,178
1741818742620,855,217
1741818742799,699,127
1741818742974,742,190
1741818743148,839,161
1741818743317,965,181
1741818743490,1016,223
1741818743665,657,243
1741818743836,595,145
1741818744008,692,149
1741818744177,735,181
1741818744347,729,135
1741818744518,726,202
1741818744691,757,163
1741818744862,772,170
1741818745034,766,224
1741818745205,684,166
1741818745375,590,80
1741818745546,607,122
1741818745716,654,186
1741818745887,673,218
1741818746060,714,238
1741818746230,780,206
1741818746400,744,210
1741818746569,795,207
1741818746740,853,268
1741818746913,754,263
1741818747087,708,213
1741818747259,743,212
1741818747436,657,207
1741818747611,614,107
1741818747786,680,179
1741818747960,596,109
1741818748132,583,82
1741818748306,662,214
1741818748479,593,117
1741818748659,607,178
1741818748836,595,171
1741818749016,562,112
1741818749194,566,149
1741818749367,609,167
1741818749544,577,126
1741818749720,493,95
1741818749892,616,173
1741818750077,567,183
1741818750253,635,182
1741818750428,732,69
1741818750605,789,99
1741818750781,613,152
1741818750955,559,116
1741818751129,615,150
1741818751305,565,112
1741818751480,624,196
1741818751653,618,157
1741818751829,560,98
1741818752006,532,122
1741818752179,726,154
1741818752354,836,199
1741818752532,797,134
1741818752705,578,109
1741818752883,591,144
1741818753058,554,157
1741818753229,768,195
1741818753401,588,70
1741818753571,634,152
1741818753743,582,167
1741818753917,586,140
1741818754086,631,128
1741818754259,647,173
1741818754430,625,161
1741818754601,620,236
1741818754778,588,192
1741818754951,653,267
1741818755120,640,300
1741818755295,542,149
1741818755469,591,211
1741818755639,640,190
1741818755810,646,154
1741818755982,674,173
1741818756154,571,224
1741818756325,555,217
1741818756495,643,265
1741818756664,660,130
1741818756834,639,162
1741818757005,662,165
1741818757176,628,113
1741818757349,670,130
1741818757520,720,118
1741818757692,685,139
1741818757863,709,147
1741818758034,700,123
1741818758204,773,146
1741818758375,757,229
1741818758545,715,193
1741818758716,653,212
1741818758886,574,169
1741818759057,702,182
1741818759227,817,196
1741818759398,742,113
1741818759571,627,226
1741818759740,597,110
1741818759913,611,246
1741818760138,718,222
1741818760318,900,244
1741818760489,848,280
1741818760665,793,213
1741818760837,776,208
1741818761008,807,229
1741818761183,884,288
1741818761359,808,195
1741818761533,926,166
1741818761707,904,170
1741818761881,885,89
1741818762056,894,93
1741818762230,958,123
1741818762405,1056,132
1741818762577,659,108
1741818762752,665,96
1741818762924,627,135
1741818763097,660,169
1741818763274,719,191
1741818763445,670,152
1741818763618,614,141
1741818763789,603,211
1741818763959,562,197
1741818764132,583,239
1741818764302,726,141
1741818764471,789,259
1741818764643,743,243
1741818764813,700,222
1741818764985,769,287
1741818765161,741,198
1741818765340,798,280
1741818765518,847,290
1741818765693,884,370
1741818765875,968,317
1741818766049,902,275
1741818766218,862,298
1741818766391,828,314
1741818766565,961,528
1741818766907,1033,507
1741818767096,1111,552
1741818767272,1012,459
1741818767446,887,307
1741818767619,936,296
1741818767795,826,219
1741818767972,873,269
1741818768148,686,97
1741818768326,631,54
1741818768502,735,162
1741818768677,547,22
1741818768852,654,44
1741818769027,557,-24
1741818769201,593,-3
1741818769376,629,29
1741818769549,583,34
1741818769724,555,4
1741818769900,603,46
1741818770073,622,13
1741818770251,553,7
1741818770424,595,23
1741818770605,618,34
1741818770779,594,52
1741818770959,589,27
1741818771136,648,61
1741818771310,605,42
1741818771486,585,32
1741818771658,518,-10
1741818771838,616,19
1741818772011,583,23
1741818772185,608,30
1741818772362,545,-12
1741818772537,596,38
1741818772712,564,8
1741818772890,548,19
1741818773063,568,35
1741818773239,605,61
1741818773409,670,96
1741818773585,623,68
1741818773755,617,77
1741818773928,651,105
1741818774099,683,104
1741818774274,662,83
1741818774450,709,118
1741818774622,713,134
1741818774800,676,100
1741818774972,646,76
1741818775145,660,79
1741818775322,634,55
1741818775499,667,105
1741818775674,657,78
1741818775849,657,60
1741818776027,649,90
1741818776202,793,205
1741818776373,625,77
1741818776544,686,108
1741818776722,622,63
1741818776895,672,63
1741818777072,777,159
1741818777246,666,103
1741818777419,630,91
1741818777591,654,68
1741818777769,649,72
1741818777944,730,142
1741818778117,760,179
1741818778288,768,190
1741818778468,634,54
1741818778640,627,59
1741818778813,672,81
1741818778986,691,105
1741818779160,738,142
1741818779337,763,177
1741818779513,667,76
1741818779687,718,140
1741818779865,655,82
1741818780040,659,75
1741818780214,654,95
1741818780390,693,111
1741818780563,673,104
1741818780738,675,125
1741818780911,699,102
1741818781083,675,66
1741818781257,654,70
1741818781434,656,63
1741818781613,686,91
1741818781788,659,44
1741818781962,705,62
1741818782139,741,67
1741818782318,743,132
1741818782489,746,71
1741818782663,794,105
1741818782837,681,41
1741818783012,672,30
1741818783186,763,106
1741818783366,831,95
1741818783537,724,56
1741818783711,731,24
1741818783886,734,38
1741818784060,762,38
1741818784238,815,92
1741818784413,806,95
1741818784588,821,188
1741818784762,727,54
1741818784940,760,118
1741818785117,839,158
1741818785291,831,115
1741818785465,796,125
1741818785639,705,55
1741818785816,749,90
1741818785994,818,150
1741818786165,681,41
1741818786342,823,180
1741818786517,637,29
1741818786692,730,123
1741818786863,797,191
1741818787034,802,199
1741818787206,852,216
1741818787384,811,180
1741818787560,692,102
1741818787738,763,205
1741818787912,783,152
1741818788093,781,98
1741818788268,707,92
1741818788441,735,82
1741818788621,603,28
1741818788798,888,66
1741818788973,976,193
1741818789149,975,128
1741818789324,978,123
1741818789499,996,176
1741818789676,962,177
1741818789848,659,144
1741818790022,676,146
1741818790198,710,118
1741818790369,850,166
1741818790544,844,153
1741818790722,1009,208
1741818790904,1019,179
1741818791079,980,249
1741818791255,1007,190
1741818791428,799,200
1741818791603,782,184
1741818791780,705,210
1741818791957,805,197
1741818792130,825,214
1741818792303,757,236
1741818792473,712,140
1741818792648,700,135
1741818792819,578,60
1741818792994,577,93
1741818793167,730,111
1741818793343,618,127
1741818793518,701,233
1741818793692,736,262
1741818793875,684,181
1741818794080,705,243
1741818794272,733,246
1741818794453,691,90
1741818794627,660,165
1741818794808,673,136
1741818794981,634,144
1741818795162,645,140
1741818795340,714,155
1741818795517,690,137
1741818795699,692,155
1741818795878,664,51
1741818796056,727,111
1741818796229,591,134
1741818796401,422,181
1741818796575,436,198
1741818796754,769,66
1741818796932,919,97
1741818797109,952,108
1741818797285,967,134
1741818797461,944,135
1741818797638,927,116
1741818797811,870,94
1741818797984,985,146
1741818798155,819,116
1741818798325,666,106
1741818798496,629,75
1741818798670,739,86
1741818798845,846,107
1741818799020,858,86
1741818799194,614,195
1741818799369,526,138
1741818799542,756,135
1741818799716,728,119
1741818799886,774,130
1741818800059,834,112
1741818800231,806,149
1741818800401,919,153
1741818800572,865,77
1741818800745,806,121
1741818800918,755,102
1741818801088,927,180
1741818801265,985,207
1741818801435,801,109
1741818801607,544,16
1741818801779,621,141
1741818801949,695,149
1741818802123,783,108
1741818802295,810,134
1741818802473,741,117
1741818802649,955,108
1741818802823,821,206
1741818802999,748,148
1741818803175,559,97
1741818803351,770,146
1741818803526,852,178
1741818803700,795,128
1741818803876,883,166
1741818804049,913,166
1741818804228,877,167
1741818804400,653,163
1741818804572,720,120
1741818804747,744,125
1741818804922,854,182
1741818805094,842,139
1741818805267,764,92
1741818805441,865,143
1741818805612,731,120
1741818805784,961,191
1741818805961,593,147
1741818806132,626,131
1741818806302,705,108
1741818806480,776,169
1741818806652,890,128
1741818806829,696,175
1741818807000,645,109
1741818807171,743,217
1741818807346,715,106
1741818807522,770,195
1741818807693,891,151
1741818807866,813,110
1741818808038,657,177
1741818808214,792,178
1741818808391,829,129
1741818808567,749,114
1741818808737,707,124
1741818808910,683,137
1741818809082,774,103
1741818809254,812,194
1741818809424,727,130
1741818809594,733,161
1741818809764,520,123
1741818809934,572,109
1741818810104,639,136
1741818810279,715,143
1741818810455,806,158
1741818810631,474,160
1741818810804,577,202
1741818810976,748,174
1741818811149,738,166
1741818811320,762,221
1741818811493,560,153
1741818811670,750,173
1741818811840,835,218
1741818812016,825,161
1741818812191,784,207
1741818812364,757,98
1741818812537,819,182
1741818812712,968,201
1741818812884,696,182
1741818813055,627,86
1741818813229,642,141
1741818813403,799,193
1741818813582,745,164
1741818813758,753,194
1741818813939,718,140
1741818814113,574,209
1741818814286,758,180
1741818814458,786,148
1741818814631,818,210
1741818814810,786,129
1741818814981,688,245
1741818815156,640,141
1741818815327,696,190
1741818815496,787,128
1741818815671,605,133
1741818815851,782,111
1741818816027,880,197
1741818816204,756,221
1741818816388,745,229
1741818816568,578,176
1741818816741,520,78
1741818816913,771,172
1741818817091,602,123
1741818817263,721,235
1741818817435,538,191
1741818817612,675,172
1741818817788,743,198
1741818817961,720,155
1741818818132,738,130
1741818818302,554,135
1741818818474,789,100
1741818818648,934,183
1741818818825,887,200
1741818819001,878,198
1741818819177,697,150
1741818819354,677,131
1741818819528,659,121
1741818819700,839,210
1741818819871,872,224
1741818820047,532,185
1741818820240,622,136
1741818820414,643,137
1741818820587,644,138
1741818820765,764,193
1741818820939,643,176
1741818821113,824,275
1741818821285,957,276
1741818821455,850,126
1741818821626,747,170
1741818821798,786,288
1741818821970,808,175
1741818822146,842,205
1741818822318,800,201
1741818822490,850,246
1741818822666,759,229
1741818822841,895,354
1741818823015,649,168
1741818823185,818,276
1741818823362,685,232
1741818823534,793,317
1741818823706,847,351
1741818823880,722,163
1741818824051,776,215
1741818824225,811,159
1741818824397,842,157
1741818824568,864,197
1741818824741,852,117
1741818824913,800,192
1741818825087,511,60
1741818825259,753,161
1741818825430,534,138
1741818825599,615,110
1741818825771,617,117
1741818825946,717,90
1741818826117,752,67
1741818826297,761,163
1741818826468,669,128
1741818826650,718,183
1741818826824,875,223
1741818827001,943,212
1741818827171,879,236
1741818827344,860,161
1741818827515,856,177
1741818827684,703,120
1741818827858,621,134
1741818828043,772,189
1741818828221,852,229
1741818828395,778,220
1741818828569,754,234
1741818828746,753,183
1741818828925,789,263
1741818829101,775,259
1741818829278,705,135
1741818829452,702,190
1741818829626,719,217
1741818829804,714,136
1741818829985,829,246
1741818830159,838,177
1741818830336,644,79
1741818830511,875,191
1741818830683,841,272
1741818830853,823,218
1741818831028,653,181
1741818831201,684,159
1741818831377,846,196
1741818831554,816,176
1741818831726,863,185
1741818831899,600,176
1741818832080,697,213
1741818832256,858,296
1741818832431,670,253
1741818832601,606,194
1741818832774,769,169
1741818832946,852,188
1741818833120,935,191
1741818833295,788,179
1741818833469,878,242
1741818833649,831,214
1741818833823,806,118
1741818833995,660,156
1741818834165,763,255
1741818834338,856,328
1741818834508,754,268
1741818834680,681,210
1741818834856,704,184
1741818835028,392,196
1741818835203,545,231
1741818835378,742,326
1741818835555,461,300
1741818835728,558,371
1741818835900,584,343
1741818836070,626,389
1741818836242,550,439
1741818836413,739,383
1741818836585,591,297
1741818836759,561,413
1741818836933,488,355
1741818837104,514,206
1741818837284,942,233
1741818837461,903,172
1741818837633,1060,159
1741818837811,858,170
1741818837985,632,95
1741818838156,833,115
1741818838327,990,188
1741818838497,832,205
1741818838674,802,216
1741818838845,833,229
1741818839015,725,127
1741818839187,821,151
1741818839358,779,179
1741818839528,873,187
1741818839699,905,207
1741818839869,1024,212
1741818840039,890,171
1741818840210,905,111
1741818840381,884,180
1741818840553,859,202
1741818840724,882,242
1741818840896,920,226
1741818841068,842,195
1741818841239,930,195
1741818841410,1085,215
1741818841582,1066,273
1741818841752,967,201
1741818841927,794,105
1741818842096,866,145
1741818842266,792,178
1741818842436,776,156
1741818842608,934,200
1741818842779,872,157
1741818842951,811,162
1741818843121,818,147
1741818843291,736,111
1741818843460,777,140
1741818843630,859,160
1741818843799,758,103
1741818843972,857,121
1741818844143,647,136
1741818844314,496,256
1741818844486,402,234
1741818844656,180,123
1741818844827,380,254
1741818844999,281,272
1741818845168,505,265
1741818845338,373,234
1741818845510,267,144
1741818845681,334,212
1741818845851,425,243
1741818846026,483,191
1741818846202,376,237
1741818846383,425,266
1741818846561,939,213
1741818846742,681,170
1741818846916,732,193
1741818847088,843,180
1741818847261,690,183
1741818847432,751,159
1741818847614,823,158
1741818847792,840,166
1741818847965,901,173
1741818848135,818,93
1741818848308,816,86
1741818848480,829,136
1741818848653,890,109
1741818848825,895,80
1741818849001,903,110
1741818849176,950,110
1741818849352,698,74
1741818849525,764,153
1741818849699,837,170
1741818849871,821,190
1741818850047,779,181
1741818850227,828,188
1741818850408,1003,288
1741818850585,1076,268
1741818850761,1045,215
1741818850936,1000,155
1741818851107,1023,212
1741818851282,1027,222
1741818851455,962,192
1741818851631,913,165
1741818851810,947,203
1741818851982,957,207
1741818852167,771,136
1741818852348,822,195
1741818852521,845,155
1741818852698,894,181
1741818852870,864,144
1741818853043,896,191
1741818853215,830,118
1741818853392,847,156
1741818853566,858,142
1741818853739,834,114
1741818853910,898,168
1741818854086,855,158
1741818854258,878,262
1741818854435,800,197
1741818854615,792,160
1741818854791,867,185
1741818854964,836,138
1741818855136,852,153
1741818855312,841,144
1741818855486,874,190
1741818855663,753,173
1741818855841,780,176
1741818856014,818,171
1741818856189,877,176
1741818856365,814,168
1741818856538,846,189
1741818856718,874,176
1741818856891,884,197
1741818857069,820,161
1741818857244,832,168
1741818857419,785,142
1741818857595,856,184
1741818857775,765,161
1741818857951,765,171
1741818858134,821,203
1741818858330,827,202
1741818858527,845,212
1741818858705,758,92
1741818858876,696,99
1741818859059,745,154
1741818859240,750,128
1741818859417,742,86
1741818859594,750,147
1741818859770,761,150
1741818859944,757,141
1741818860125,783,151
1741818860300,758,122
1741818860471,794,90
1741818860646,740,66
1741818860819,724,68
1741818860997,756,43
1741818861177,685,111
1741818861353,666,122
1741818861526,691,117
1741818861708,638,75
1741818861882,699,107
1741818862055,689,36
1741818862231,650,43
1741818862408,749,113
1741818862584,697,105
1741818862759,723,120
1741818862932,688,52
1741818863107,748,71
1741818863280,741,56
1741818863455,777,71
1741818863629,717,110
1741818863804,733,114
1741818863981,704,155
1741818864155,718,129
1741818864332,710,122
1741818864508,699,144
1741818864688,736,166
1741818864864,737,184
1741818865036,779,189
1741818865212,684,133
1741818865386,647,137
1741818865564,678,132
1741818865737,683,141
1741818865915,778,208
1741818866092,661,169
1741818866261,740,168
1741818866443,707,146
1741818866618,704,146
1741818866787,774,135
1741818866965,735,109
1741818867143,678,133
1741818867316,637,107
1741818867489,705,144
1741818867666,652,149
1741818867840,700,162
1741818868018,770,161
1741818868193,763,140
1741818868370,679,114
1741818868543,737,94
1741818868715,667,24
1741818868891,743,151
1741818869066,707,124
1741818869244,692,141
1741818869416,687,96
1741818869589,709,116
1741818869762,724,115
1741818869942,700,146
1741818870120,662,136
1741818870293,656,119
1741818870467,677,147
1741818870643,722,170
1741818870819,711,132
1741818870994,821,177
1741818871168,860,167
1741818871342,865,128
1741818871515,859,181
1741818871689,732,167
1741818871863,640,136
1741818872039,624,143
1741818872212,707,211
1741818872385,746,212
1741818872559,824,243
1741818872739,812,175
1741818872915,845,155
1741818873090,827,145
1741818873262,690,175
1741818873441,676,159
1741818873614,684,183
1741818873792,680,211
1741818873982,748,192
1741818874156,822,151
1741818874341,786,168
1741818874529,783,155
1741818874705,842,150
1741818874881,837,203
1741818875056,879,170
1741818875233,802,165
1741818875407,823,149
1741818875585,769,137
1741818875756,794,143
1741818875928,685,179
1741818876106,688,194
1741818876278,799,182
1741818876455,792,152
1741818876640,842,193
1741818876816,851,176
1741818876989,727,188
1741818877163,646,169
1741818877336,603,116
1741818877517,685,173
1741818877689,623,154
1741818877861,707,132
1741818878040,620,100
1741818878220,664,140
1741818878398,773,165
1741818878569,766,155
1741818878756,780,144
1741818878934,797,168
1741818879109,759,98
1741818879289,802,139
1741818879467,803,162
1741818879640,834,195
1741818879812,746,200
1741818879983,642,147
1741818880163,692,120
1741818880427,718,117
1741818880602,706,154
1741818880776,637,151
1741818880960,611,136
1741818881136,686,118
1741818881311,727,73
1741818881488,743,80
1741818881667,716,51
1741818881842,766,59
1741818882019,749,34
1741818882195,773,65
1741818882370,731,79
1741818882543,772,53
1741818882723,744,94
1741818882895,733,135
1741818883072,683,158
1741818883250,751,140
1741818883428,751,126
1741818883607,769,109
1741818883783,818,153
1741818883959,783,133
1741818884135,754,92
1741818884312,836,138
1741818884490,782,123
1741818884663,812,136
1741818884836,785,139
1741818885007,722,60
1741818885180,719,129
1741818885353,648,162
1741818885528,704,139
1741818885703,736,197
1741818885876,748,134
1741818886051,664,145
1741818886227,813,256
1741818886402,817,269
1741818886578,915,355
1741818886751,1228,435
1741818886922,968,273
1741818887092,1222,431
1741818887266,1296,460
1741818887440,1165,421
1741818887615,1106,439
1741818887790,928,355
1741818887964,1082,392
1741818888136,1114,390
1741818888311,1140,371
1741818888482,1175,289
1741818888653,1189,318
1741818888836,987,329
1741818889030,880,246
1741818889224,868,265
1741818889405,678,124
1741818889581,809,164
1741818889763,846,161
1741818889937,740,137
1741818890115,830,209
1741818890286,657,162
1741818890462,738,198
1741818890637,695,175
1741818890810,726,173
1741818890990,866,231
1741818891164,860,127
1741818891336,810,138
1741818891512,696,169
1741818891688,721,142
1741818891862,680,95
1741818892033,683,143
1741818892206,533,178
1741818892377,577,154
1741818892548,580,174
1741818892719,573,130
1741818892893,713,193
1741818893065,864,353
1741818893235,751,223
1741818893407,692,187
1741818893577,676,187
1741818893749,732,258
1741818893918,758,256
1741818894090,770,239
1741818894262,654,221
1741818894439,616,162
1741818894622,599,134
1741818894799,796,259
1741818894974,658,71
1741818895157,790,118
1741818895334,708,78
1741818895506,832,95
1741818895682,813,87
1741818895852,755,76
1741818896023,779,89
1741818896202,705,63
1741818896376,763,84
1741818896549,759,88
1741818896727,761,71
1741818896906,796,100
1741818897080,712,120
1741818897255,735,134
1741818897427,732,135
1741818897603,713,112
1741818897776,713,130
1741818897950,755,146
1741818898123,736,148
1741818898297,717,165
1741818898476,684,139
1741818898649,711,134
1741818898825,740,176
1741818899000,697,110
1741818899175,699,53
1741818899347,645,23
1741818899519,631,22
1741818899698,688,4
1741818899872,727,18
1741818900045,697,11
1741818900226,744,30
1741818900406,698,72
1741818900580,682,8
1741818900755,680,68
1741818900928,789,141
1741818901106,694,129
1741818901278,791,139
1741818901451,766,145
1741818901628,776,202
1741818901801,804,163
1741818901973,661,203
1741818902145,724,219
1741818902316,667,234
1741818902486,643,260
1741818902657,633,224
1741818902830,629,129
1741818903000,576,111
1741818903171,669,209
1741818903347,643,221
1741818903522,563,192
1741818903696,712,194
1741818903869,800,199
1741818904044,730,198
1741818904226,625,161
1741818904417,657,346
1741818904625,804,275
1741818904806,955,394
1741818904986,1054,425
1741818905161,932,409
1741818905337,977,192
1741818905518,757,253
1741818905699,703,176
1741818905871,656,208
1741818906047,820,184
1741818906225,825,185
1741818906408,675,66
1741818906586,680,67
1741818906765,795,131
1741818906937,866,102
1741818907110,554,142
1741818907288,551,219
1741818907462,596,318
1741818907633,583,258
1741818907805,678,327
1741818907975,650,392
1741818908148,534,277
1741818908321,476,268
1741818908491,589,230
1741818908662,462,346
1741818908834,411,318
1741818909004,527,347
1741818909175,324,227
1741818909349,358,241
1741818909518,335,298
1741818909690,416,351
1741818909862,319,226
1741818910032,321,322
1741818910202,405,378
1741818910374,297,322
1741818910546,304,361
1741818910715,400,420
1741818910888,331,334
1741818911059,367,384
1741818911229,297,302
1741818911401,511,425
1741818911574,370,385
1741818911743,524,426
1741818911913,502,441
1741818912083,475,387
1741818912255,429,349
1741818912429,301,138
1741818912600,344,155
1741818912770,323,98
1741818912940,774,282
1741818913112,942,134
1741818913283,372,113
1741818913453,362,131
1741818913625,369,131
1741818913796,337,92
1741818913966,442,176
1741818914138,362,131
1741818914312,772,97
1741818914484,1035,85
1741818914654,1014,34
1741818914825,892,-3
1741818914996,938,15
1741818915171,1031,68
1741818915346,1020,90
1741818915515,1071,112
1741818915687,967,60
1741818915858,400,195
1741818916029,371,188
1741818916199,341,145
1741818916371,277,77
1741818916546,292,139
1741818916725,263,183
1741818916901,316,267
1741818917075,437,370
1741818917248,304,271
1741818917417,406,231
1741818917587,407,223
1741818917757,376,222
1741818917928,532,300
1741818918101,842,362
1741818918275,1211,335
1741818918446,1135,341
1741818918618,949,228
1741818918788,993,217
1741818918960,1046,252
1741818919134,926,214
1741818919306,893,255
1741818919477,1097,333
1741818919651,923,211
1741818919826,893,262
1741818919996,909,258
1741818920169,872,152
1741818920341,974,174
1741818920512,1030,208
1741818920682,972,191
1741818920853,936,153
1741818921021,984,214
1741818921192,1010,220
1741818921363,948,153
1741818921534,918,145
1741818921705,871,159
1741818921874,877,149
1741818922043,832,156
1741818922218,907,194
1741818922388,960,214
1741818922557,968,180
1741818922729,968,213
1741818922900,814,155
1741818923071,827,100
1741818923244,995,211
1741818923414,786,132
1741818923586,875,183
1741818923757,978,243
1741818923928,849,170
1741818924097,815,105
1741818924268,911,185
1741818924438,987,188
1741818924609,953,164
1741818924782,895,125
1741818924952,844,137
1741818925122,799,87
1741818925296,907,208
1741818925469,841,151
1741818925640,824,136
1741818925810,591,275
1741818925980,393,173
1741818926153,432,246
1741818926327,332,221
1741818926500,372,257
1741818926670,275,208
1741818926842,858,200
1741818927014,764,252
1741818927187,914,234
1741818927359,820,259
1741818927527,439,282
1741818927697,399,222
1741818927867,412,240
1741818928037,348,174
1741818928208,242,135
1741818928381,198,141
1741818928551,234,171
1741818928722,307,152
1741818928894,546,152
1741818929064,359,218
1741818929236,326,203
1741818929406,512,187
1741818929579,783,136
1741818929750,644,121
1741818929924,670,143
1741818930094,595,88
1741818930265,633,100
1741818930435,653,99
1741818930608,736,138
1741818930790,645,122
1741818930962,620,171
1741818931135,542,108
1741818931314,522,111
1741818931487,582,147
1741818931657,605,149
1741818931827,670,248
1741818932003,613,157
1741818932175,633,141
1741818932351,562,162
1741818932523,713,173
1741818932701,671,173
1741818932875,761,257
1741818933046,770,197
1741818933215,828,266
1741818933384,870,240
1741818933556,347,94
1741818933727,343,183
1741818933906,387,291
1741818934085,391,272
1741818934265,397,270
1741818934441,291,241
1741818934615,363,306
1741818934789,440,278
1741818934961,362,256
1741818935141,554,183
1741818935315,862,178
1741818935493,421,262
1741818935668,586,195
1741818935846,547,187
1741818936023,349,81
1741818936198,440,283
1741818936375,487,180
1741818936560,536,258
1741818936742,495,234
1741818936918,792,143
1741818937092,665,124
1741818937269,819,122
1741818937444,947,133
1741818937626,930,133
1741818937801,770,137
1741818937978,666,130
1741818938152,636,121
1741818938326,614,102
1741818938501,760,125
1741818938676,760,134
1741818938850,872,121
1741818939022,753,152
1741818939195,589,101
1741818939366,693,167
1741818939537,741,127
1741818939707,821,120
1741818939881,886,131
1741818940051,748,110
1741818940224,616,55
1741818940407,647,99
1741818940578,762,84
1741818940748,760,116
1741818940918,479,189
1741818941089,359,172
1741818941259,566,128